{
	"description": "项目配置文件",
	"packOptions": {
		"ignore": []
	},
	"setting": {
		"urlCheck": false,
		"es6": true,
		"postcss": true,
		"preloadBackgroundData": false,
		"minified": true,
		"newFeature": true,
		"coverView": true,
		"autoAudits": false,
		"showShadowRootInWxmlPanel": true,
		"scopeDataCheck": false,
		"checkInvalidKey": true,
		"checkSiteMap": true,
		"uploadWithSourceMap": true,
		"babelSetting": {
			"ignore": [],
			"disablePlugins": [],
			"outputPath": ""
		},
		"useCompilerModule": false,
		"userConfirmedUseCompilerModuleSwitch": false
	},
	"compileType": "miniprogram",
	"libVersion": "2.10.4",
	"appid": "wx0e82230f5469a0af",
	"projectname": "%E8%80%83%E5%8B%A4%E7%B3%BB%E7%BB%9F",
	"debugOptions": {
		"hidedInDevtools": []
	},
	"isGameTourist": false,
	"simulatorType": "wechat",
	"simulatorPluginLibVersion": {},
	"condition": {
		"search": {
			"current": -1,
			"list": []
		},
		"conversation": {
			"current": -1,
			"list": []
		},
		"plugin": {
			"current": -1,
			"list": []
		},
		"game": {
			"currentL": -1,
			"list": []
		},
		"gamePlugin": {
			"current": -1,
			"list": []
		},
		"miniprogram": {
			"current": -1,
			"list": [
				{
					"id": -1,
					"name": "pages/get_face/get_face",
					"pathName": "pages/get_face/get_face",
					"query": "",
					"scene": null
				},
				{
					"id": -1,
					"name": "pages/res_kaoqin/res_kaoqin",
					"pathName": "pages/res_kaoqin/res_kaoqin",
					"query": "",
					"scene": null
				},
				{
					"id": -1,
					"name": "pages/record/record",
					"pathName": "pages/record/record",
					"query": "",
					"scene": null
				},
				{
					"id": -1,
					"name": "pages/queqing/queqing",
					"pathName": "pages/queqing/queqing",
					"scene": null
				}
			]
		}
	}
}